timeStamp,elapsed,label,responseCode,responseMessage,threadName,dataType,success,failureMessage,bytes,sentBytes,grpThreads,allThreads,URL,Latency,IdleTime,Connect
1731566405887,328, HTTP POST Request Demo,200,OK,Ex8HTMLReport 1-1,text,true,,3119,420,1,1,https://reqres.in/api/users,182,0,54
1731566405887,182, HTTP POST Request Demo-0,301,Moved Permanently,Ex8HTMLReport 1-1,text,true,,963,241,1,1,http://reqres.in/api/users,182,0,54
1731566406072,143, HTTP POST Request Demo-1,200,OK,Ex8HTMLReport 1-1,text,true,,2156,179,1,1,https://reqres.in/api/users,142,0,90
1731566406224,76, HTTP POST Request Demo,200,OK,Ex8HTMLReport 1-1,text,true,,3126,420,1,1,https://reqres.in/api/users,35,0,0
1731566406224,35, HTTP POST Request Demo-0,301,Moved Permanently,Ex8HTMLReport 1-1,text,true,,969,241,1,1,http://reqres.in/api/users,35,0,0
1731566406259,41, HTTP POST Request Demo-1,200,OK,Ex8HTMLReport 1-1,text,true,,2157,179,1,1,https://reqres.in/api/users,41,0,0
1731566406301,67, HTTP POST Request Demo,200,OK,Ex8HTMLReport 1-1,text,true,,3134,420,1,1,https://reqres.in/api/users,33,0,0
1731566406301,33, HTTP POST Request Demo-0,301,Moved Permanently,Ex8HTMLReport 1-1,text,true,,974,241,1,1,http://reqres.in/api/users,33,0,0
1731566406334,34, HTTP POST Request Demo-1,200,OK,Ex8HTMLReport 1-1,text,true,,2160,179,1,1,https://reqres.in/api/users,33,0,0
1731566406368,75, HTTP POST Request Demo,200,OK,Ex8HTMLReport 1-1,text,true,,3131,420,1,1,https://reqres.in/api/users,34,0,0
1731566406368,34, HTTP POST Request Demo-0,301,Moved Permanently,Ex8HTMLReport 1-1,text,true,,970,241,1,1,http://reqres.in/api/users,34,0,0
1731566406403,40, HTTP POST Request Demo-1,200,OK,Ex8HTMLReport 1-1,text,true,,2161,179,1,1,https://reqres.in/api/users,39,0,0
1731566406444,69, HTTP POST Request Demo,200,OK,Ex8HTMLReport 1-1,text,true,,3134,420,1,1,https://reqres.in/api/users,32,0,0
1731566406444,32, HTTP POST Request Demo-0,301,Moved Permanently,Ex8HTMLReport 1-1,text,true,,973,241,1,1,http://reqres.in/api/users,32,0,0
1731566406477,36, HTTP POST Request Demo-1,200,OK,Ex8HTMLReport 1-1,text,true,,2161,179,1,1,https://reqres.in/api/users,36,0,0
1731566407887,197, HTTP POST Request Demo,200,OK,Ex8HTMLReport 1-2,text,true,,3115,420,1,1,https://reqres.in/api/users,75,0,24
1731566407887,75, HTTP POST Request Demo-0,301,Moved Permanently,Ex8HTMLReport 1-2,text,true,,959,241,1,1,http://reqres.in/api/users,75,0,24
1731566407963,121, HTTP POST Request Demo-1,200,OK,Ex8HTMLReport 1-2,text,true,,2156,179,1,1,https://reqres.in/api/users,121,0,78
1731566408084,73, HTTP POST Request Demo,200,OK,Ex8HTMLReport 1-2,text,true,,3124,420,1,1,https://reqres.in/api/users,30,0,0
1731566408084,30, HTTP POST Request Demo-0,301,Moved Permanently,Ex8HTMLReport 1-2,text,true,,967,241,1,1,http://reqres.in/api/users,30,0,0
1731566408114,43, HTTP POST Request Demo-1,200,OK,Ex8HTMLReport 1-2,text,true,,2157,179,1,1,https://reqres.in/api/users,42,0,0
1731566408158,61, HTTP POST Request Demo,200,OK,Ex8HTMLReport 1-2,text,true,,3134,420,1,1,https://reqres.in/api/users,28,0,0
1731566408158,28, HTTP POST Request Demo-0,301,Moved Permanently,Ex8HTMLReport 1-2,text,true,,974,241,1,1,http://reqres.in/api/users,28,0,0
1731566408187,32, HTTP POST Request Demo-1,200,OK,Ex8HTMLReport 1-2,text,true,,2160,179,1,1,https://reqres.in/api/users,32,0,0
1731566408219,74, HTTP POST Request Demo,200,OK,Ex8HTMLReport 1-2,text,true,,3137,420,1,1,https://reqres.in/api/users,31,0,0
1731566408219,31, HTTP POST Request Demo-0,301,Moved Permanently,Ex8HTMLReport 1-2,text,true,,976,241,1,1,http://reqres.in/api/users,31,0,0
1731566408250,43, HTTP POST Request Demo-1,200,OK,Ex8HTMLReport 1-2,text,true,,2161,179,1,1,https://reqres.in/api/users,43,0,0
1731566408294,64, HTTP POST Request Demo,200,OK,Ex8HTMLReport 1-2,text,true,,3140,420,1,1,https://reqres.in/api/users,28,0,0
1731566408294,28, HTTP POST Request Demo-0,301,Moved Permanently,Ex8HTMLReport 1-2,text,true,,979,241,1,1,http://reqres.in/api/users,28,0,0
1731566408322,36, HTTP POST Request Demo-1,200,OK,Ex8HTMLReport 1-2,text,true,,2161,179,1,1,https://reqres.in/api/users,35,0,0
1731566409887,151, HTTP POST Request Demo,200,OK,Ex8HTMLReport 1-3,text,true,,3127,420,1,1,https://reqres.in/api/users,56,0,25
1731566409887,56, HTTP POST Request Demo-0,301,Moved Permanently,Ex8HTMLReport 1-3,text,true,,971,241,1,1,http://reqres.in/api/users,56,0,25
1731566409943,95, HTTP POST Request Demo-1,200,OK,Ex8HTMLReport 1-3,text,true,,2156,179,1,1,https://reqres.in/api/users,95,0,56
1731566410039,65, HTTP POST Request Demo,200,OK,Ex8HTMLReport 1-3,text,true,,3126,420,1,1,https://reqres.in/api/users,29,0,0
1731566410039,29, HTTP POST Request Demo-0,301,Moved Permanently,Ex8HTMLReport 1-3,text,true,,969,241,1,1,http://reqres.in/api/users,29,0,0
1731566410069,35, HTTP POST Request Demo-1,200,OK,Ex8HTMLReport 1-3,text,true,,2157,179,1,1,https://reqres.in/api/users,35,0,0
1731566410104,87, HTTP POST Request Demo,200,OK,Ex8HTMLReport 1-3,text,true,,3128,420,1,1,https://reqres.in/api/users,33,0,0
1731566410104,33, HTTP POST Request Demo-0,301,Moved Permanently,Ex8HTMLReport 1-3,text,true,,968,241,1,1,http://reqres.in/api/users,33,0,0
1731566410137,54, HTTP POST Request Demo-1,200,OK,Ex8HTMLReport 1-3,text,true,,2160,179,1,1,https://reqres.in/api/users,53,0,0
1731566410191,70, HTTP POST Request Demo,200,OK,Ex8HTMLReport 1-3,text,true,,3133,420,1,1,https://reqres.in/api/users,28,0,0
1731566410191,28, HTTP POST Request Demo-0,301,Moved Permanently,Ex8HTMLReport 1-3,text,true,,972,241,1,1,http://reqres.in/api/users,28,0,0
1731566410219,42, HTTP POST Request Demo-1,200,OK,Ex8HTMLReport 1-3,text,true,,2161,179,1,1,https://reqres.in/api/users,42,0,0
1731566410262,66, HTTP POST Request Demo,200,OK,Ex8HTMLReport 1-3,text,true,,3140,420,1,1,https://reqres.in/api/users,30,0,0
1731566410262,30, HTTP POST Request Demo-0,301,Moved Permanently,Ex8HTMLReport 1-3,text,true,,979,241,1,1,http://reqres.in/api/users,30,0,0
1731566410292,36, HTTP POST Request Demo-1,200,OK,Ex8HTMLReport 1-3,text,true,,2161,179,1,1,https://reqres.in/api/users,36,0,0
1731566411901,152, HTTP POST Request Demo,200,OK,Ex8HTMLReport 1-4,text,true,,3125,420,1,1,https://reqres.in/api/users,55,0,26
1731566411901,55, HTTP POST Request Demo-0,301,Moved Permanently,Ex8HTMLReport 1-4,text,true,,969,241,1,1,http://reqres.in/api/users,55,0,26
1731566411957,96, HTTP POST Request Demo-1,200,OK,Ex8HTMLReport 1-4,text,true,,2156,179,1,1,https://reqres.in/api/users,96,0,61
1731566412054,64, HTTP POST Request Demo,200,OK,Ex8HTMLReport 1-4,text,true,,3130,420,1,1,https://reqres.in/api/users,30,0,0
1731566412054,30, HTTP POST Request Demo-0,301,Moved Permanently,Ex8HTMLReport 1-4,text,true,,973,241,1,1,http://reqres.in/api/users,30,0,0
1731566412085,33, HTTP POST Request Demo-1,200,OK,Ex8HTMLReport 1-4,text,true,,2157,179,1,1,https://reqres.in/api/users,33,0,0
1731566412119,74, HTTP POST Request Demo,200,OK,Ex8HTMLReport 1-4,text,true,,3136,420,1,1,https://reqres.in/api/users,39,0,0
1731566412119,39, HTTP POST Request Demo-0,301,Moved Permanently,Ex8HTMLReport 1-4,text,true,,976,241,1,1,http://reqres.in/api/users,39,0,0
1731566412158,35, HTTP POST Request Demo-1,200,OK,Ex8HTMLReport 1-4,text,true,,2160,179,1,1,https://reqres.in/api/users,35,0,0
1731566412194,65, HTTP POST Request Demo,200,OK,Ex8HTMLReport 1-4,text,true,,3129,420,1,1,https://reqres.in/api/users,29,0,0
1731566412194,29, HTTP POST Request Demo-0,301,Moved Permanently,Ex8HTMLReport 1-4,text,true,,968,241,1,1,http://reqres.in/api/users,29,0,0
1731566412223,36, HTTP POST Request Demo-1,200,OK,Ex8HTMLReport 1-4,text,true,,2161,179,1,1,https://reqres.in/api/users,36,0,0
1731566412260,65, HTTP POST Request Demo,200,OK,Ex8HTMLReport 1-4,text,true,,3132,420,1,1,https://reqres.in/api/users,33,0,0
1731566412260,33, HTTP POST Request Demo-0,301,Moved Permanently,Ex8HTMLReport 1-4,text,true,,971,241,1,1,http://reqres.in/api/users,33,0,0
1731566412293,32, HTTP POST Request Demo-1,200,OK,Ex8HTMLReport 1-4,text,true,,2161,179,1,1,https://reqres.in/api/users,32,0,0
1731566413892,162, HTTP POST Request Demo,200,OK,Ex8HTMLReport 1-5,text,true,,3117,420,1,1,https://reqres.in/api/users,58,0,30
1731566413892,58, HTTP POST Request Demo-0,301,Moved Permanently,Ex8HTMLReport 1-5,text,true,,961,241,1,1,http://reqres.in/api/users,58,0,30
1731566413950,104, HTTP POST Request Demo-1,200,OK,Ex8HTMLReport 1-5,text,true,,2156,179,1,1,https://reqres.in/api/users,103,0,62
1731566414054,82, HTTP POST Request Demo,200,OK,Ex8HTMLReport 1-5,text,true,,3134,420,1,1,https://reqres.in/api/users,47,0,0
1731566414054,47, HTTP POST Request Demo-0,301,Moved Permanently,Ex8HTMLReport 1-5,text,true,,977,241,1,1,http://reqres.in/api/users,47,0,0
1731566414101,35, HTTP POST Request Demo-1,200,OK,Ex8HTMLReport 1-5,text,true,,2157,179,1,1,https://reqres.in/api/users,35,0,0
1731566414138,86, HTTP POST Request Demo,200,OK,Ex8HTMLReport 1-5,text,true,,3132,420,1,1,https://reqres.in/api/users,39,0,0
1731566414138,39, HTTP POST Request Demo-0,301,Moved Permanently,Ex8HTMLReport 1-5,text,true,,972,241,1,1,http://reqres.in/api/users,39,0,0
1731566414178,46, HTTP POST Request Demo-1,200,OK,Ex8HTMLReport 1-5,text,true,,2160,179,1,1,https://reqres.in/api/users,46,0,0
1731566414226,71, HTTP POST Request Demo,200,OK,Ex8HTMLReport 1-5,text,true,,3131,420,1,1,https://reqres.in/api/users,35,0,0
1731566414226,35, HTTP POST Request Demo-0,301,Moved Permanently,Ex8HTMLReport 1-5,text,true,,970,241,1,1,http://reqres.in/api/users,35,0,0
1731566414261,36, HTTP POST Request Demo-1,200,OK,Ex8HTMLReport 1-5,text,true,,2161,179,1,1,https://reqres.in/api/users,36,0,0
1731566414298,77, HTTP POST Request Demo,200,OK,Ex8HTMLReport 1-5,text,true,,3134,420,1,1,https://reqres.in/api/users,37,0,0
1731566414298,37, HTTP POST Request Demo-0,301,Moved Permanently,Ex8HTMLReport 1-5,text,true,,973,241,1,1,http://reqres.in/api/users,37,0,0
1731566414335,40, HTTP POST Request Demo-1,200,OK,Ex8HTMLReport 1-5,text,true,,2161,179,1,1,https://reqres.in/api/users,40,0,0
